Date,Open,High,Low,Close,Volume
2018-02-20,277.73999,285.809998,276.609985,278.549988,7769000
2018-02-21,282.070007,286.640015,280.01001,281.040009,9371100
2018-02-22,283.880005,284.5,274.450012,278.140015,8891500
2018-02-23,281,286,277.809998,285.929993,7301800
2018-02-26,288.75,295.649994,287.01001,294.160004,10268600
2018-02-27,294.769989,297.359985,290.589996,290.609985,9416500
2018-02-28,293.100006,295.75,290.779999,291.380005,7653500
2018-03-01,292.75,295.25,283.829987,290.390015,11932100
2018-03-02,284.649994,301.179993,283.230011,301.049988,13345300
2018-03-05,302.850006,316.910004,297.600006,315,18986100
2018-03-06,319.880005,325.790009,316.5,325.220001,18525800
2018-03-07,320,323.73999,314.549988,321.160004,17132200
2018-03-08,322.200012,322.920013,314.130005,317,11340100
2018-03-09,321.329987,331.440002,320.230011,331.440002,14500200
2018-03-12,333.559998,333.980011,318.600006,321.299988,20369200
2018-03-13,323.869995,325.839996,313.279999,315.880005,12917200
2018-03-14,318.160004,323.880005,317.700012,321.549988,10475100
2018-03-15,323.170013,323.399994,318.140015,321.089996,5642900
2018-03-16,321.420013,324.109985,318.369995,318.450012,7333700
2018-03-19,315.799988,317,307.339996,313.480011,9925200
2018-03-20,313.26001,319.5,312.799988,317.5,5991900
2018-03-21,316.350006,319.399994,314.51001,316.480011,5263900
2018-03-22,313.070007,314.119995,305.660004,306.700012,8063300
2018-03-23,307.410004,309.369995,300.359985,300.940002,9529900
2018-03-26,309.359985,321.029999,302,320.350006,11988300
2018-03-27,322.48999,322.899994,297,300.690002,12068600
2018-03-28,298.390015,298.799988,281.609985,285.769989,18972900
2018-03-29,287,295.350006,275.899994,295.350006,19145500
2018-04-02,291.940002,292.869995,275.049988,280.290009,13405800
2018-04-03,285.450012,291.25,278.01001,283.670013,12694900
2018-04-04,273.630005,290.309998,271.220001,288.940002,12914000
2018-04-05,293.149994,299.160004,289.109985,293.970001,10655200
2018-04-06,289.100006,298.850006,285.649994,288.850006,11444800
2018-04-09,291.769989,299.549988,289.119995,289.929993,9853600
2018-04-10,297.679993,298.950012,291.690002,298.070007,10660500
2018-04-11,302.880005,311.640015,301.820007,303.670013,14877400
2018-04-12,309.720001,311.130005,306.75,309.25,10249400
2018-04-13,317.290009,317.48999,308.230011,311.649994,12046600
2018-04-16,315.98999,316.100006,304,307.779999,20307900
2018-04-17,329.660004,338.619995,323.769989,336.059998,33866500
2018-04-18,336.299988,338.820007,331.100006,334.519989,11221100
2018-04-19,332.880005,335.309998,326.769989,332.700012,8438800
2018-04-20,332.220001,336.51001,326,327.769989,9158700
2018-04-23,329.149994,331.220001,317.079987,318.690002,8968000
2018-04-24,319.220001,320.25,302.309998,307.019989,13893200
2018-04-25,306.369995,309.980011,292.619995,305.76001,14919700
2018-04-26,310,316.630005,305.579987,313.980011,9266700
2018-04-27,316.25,317.450012,306.5,311.76001,7074400
2018-04-30,311.070007,317.880005,310.119995,312.459991,6088800
2018-05-01,310.359985,313.480011,306.690002,313.299988,6036600
2018-05-02,311.649994,317.100006,310.399994,313.359985,5697100
2018-05-03,312.589996,312.589996,305.730011,311.690002,6135800
2018-05-04,308.709991,320.980011,307.670013,320.089996,8209500
2018-05-07,321.98999,329.019989,319.339996,326.26001,7117800
2018-05-08,325.899994,327.350006,323.049988,326.890015,4735700
2018-05-09,328.790009,331.950012,327.51001,330.299988,5633400
2018-05-10,331.5,332.059998,327.339996,329.600006,5302300
2018-05-11,329.649994,331.26001,324.869995,326.459991,4589700
2018-05-14,327.25,330.5,327.040009,328.529999,4089800
2018-05-15,325.940002,326.940002,322.429993,326.130005,4746100
2018-05-16,326.279999,329.720001,325.140015,328.190002,3671700
2018-05-17,327.529999,330.450012,323.170013,325.220001,4935700
2018-05-18,324.899994,326.420013,322.799988,324.179993,3577700
2018-05-21,327.109985,331.880005,325.450012,331.820007,6657300
2018-05-22,334.049988,336.630005,331.149994,331.619995,5964400
2018-05-23,329.040009,345,328.089996,344.720001,10049100
2018-05-24,344.339996,354,341.119995,349.290009,14758600
2018-05-25,349.899994,354.359985,348.829987,351.290009,7817400
2018-05-29,351.5,356.100006,346.709991,349.730011,9717900
2018-05-30,352.369995,354,349.26001,353.540009,5685500
2018-05-31,353.799988,355.529999,350.209991,351.600006,6921700
2018-06-01,353.880005,359.98999,352.820007,359.929993,7112300
2018-06-04,362.679993,363,355.51001,361.809998,7682000
2018-06-05,363.320007,369.829987,361.410004,365.799988,8358000
2018-06-06,367.779999,369.679993,363.329987,367.450012,7712300
2018-06-07,368.540009,368.700012,357.799988,361.399994,8278000
2018-06-08,358.059998,362.390015,356.25,360.570007,5225700
2018-06-11,361.880005,365.670013,360.910004,361.450012,4432400
2018-06-12,363.600006,365.980011,362,363.829987,4291000
2018-06-13,367.529999,384.25,364.109985,379.929993,18222800
2018-06-14,384.269989,395.029999,383.25,392.869995,14598300
2018-06-15,390.709991,398.859985,387.51001,391.980011,13588100
2018-06-18,387.720001,393.160004,386.5,390.399994,6824800
2018-06-19,389.5,405.290009,388.5,404.980011,16697100
2018-06-20,415.149994,419.470001,409.600006,416.76001,16494600
2018-06-21,421.380005,423.209991,406.369995,415.440002,18389900
2018-06-22,419.980011,420.5,409.649994,411.089996,10428600
2018-06-25,404.690002,405.98999,378.75,384.480011,22490900
2018-06-26,393.279999,404.779999,389.049988,399.390015,15191200
2018-06-27,407.559998,411.589996,390,390.390015,16541400
2018-06-28,395,396.899994,387.100006,395.420013,12219900
2018-06-29,399.190002,401.329987,390.549988,391.429993,9252500
2018-07-02,385.450012,398.380005,380,398.179993,8142500
2018-07-03,399.48999,399.980011,389.5,390.519989,5280300
2018-07-05,393.799988,399.23999,390.859985,398.390015,8448900
2018-07-06,397.450012,408.649994,395.519989,408.25,8629600
2018-07-09,415.950012,419.119995,411.100006,418.970001,11127500
2018-07-10,417.23999,419.440002,413.079987,415.630005,9382900
2018-07-11,411.339996,419.769989,410.600006,418.649994,9713900
2018-07-12,415.160004,416.790009,407.799988,413.5,12743300
2018-07-13,409.190002,410,395.079987,395.799988,15719000
2018-07-16,398.980011,403.359985,391.75,400.480011,22960000
2018-07-17,346.950012,385,344,379.480011,58410400
2018-07-18,381.23999,383.130005,372.359985,375.130005,21746300
2018-07-19,371.059998,375.75,363,364.230011,16878700
2018-07-20,364.920013,370.5,360.140015,361.049988,15096700
2018-07-23,359.149994,363.899994,353.600006,362.660004,11505200
2018-07-24,366.940002,367.399994,354.559998,357.320007,12851500
2018-07-25,357.570007,363.279999,355.649994,362.869995,8467800
2018-07-26,358.190002,365.540009,356.630005,363.089996,6993700
2018-07-27,366.850006,367,351.649994,355.209991,8949500
2018-07-30,351.929993,352.029999,334.019989,334.959991,18260700
2018-07-31,331.51001,342.5,328,337.450012,14085400
2018-08-01,335.869995,344.410004,334.019989,338.380005,7790500
2018-08-02,337.230011,345,334.709991,344.5,7131300
2018-08-03,347.75,347.859985,338.480011,343.089996,8848400
2018-08-06,342.869995,351.980011,341.73999,350.920013,8198100
2018-08-07,353.230011,357.309998,349.01001,351.829987,7970900
2018-08-08,352.209991,352.290009,346.609985,347.609985,5394700
2018-08-09,347.959991,352.440002,345.820007,349.359985,4820300
2018-08-10,346.910004,349.100006,344.420013,345.869995,4328400
2018-08-13,339.890015,347.190002,339.070007,341.309998,6888900
2018-08-14,342.089996,342.410004,336.25,337.48999,5805200
2018-08-15,334.029999,335.5,321,326.399994,11784500
2018-08-16,329.899994,331.170013,321.209991,322.440002,6689700
2018-08-17,319.01001,324.369995,312.959991,316.779999,10407900
2018-08-20,314.640015,331.600006,310.929993,327.730011,13591100
2018-08-21,331,341.5,329.700012,338.019989,14783200
2018-08-22,338.48999,346.209991,337.410004,344.440002,8930700
2018-08-23,348.109985,350.079987,337.649994,339.170013,11336400
2018-08-24,346,359.149994,344.540009,358.820007,14729100
2018-08-27,367.149994,374.48999,360,364.579987,17427300
2018-08-28,367.230011,369.98999,360.380005,368.48999,9222600
2018-08-29,367.200012,369.859985,362.910004,368.040009,8118700
2018-08-30,365,376.809998,363.540009,370.980011,10981000
2018-08-31,370.660004,376,367.079987,367.679993,7943400
2018-09-04,366.470001,368.880005,361.26001,363.600006,7605200
2018-09-05,360,363.390015,335.829987,341.179993,13092800
2018-09-06,347.440002,356,341.98999,346.459991,13050200
2018-09-07,342.200012,355.75,341.25,348.679993,9105800
2018-09-10,352.269989,352.5,343.079987,348.410004,5752200
2018-09-11,344.670013,356.149994,343.899994,355.929993,6198100
2018-09-12,359.079987,370.429993,356.23999,369.950012,10480800
2018-09-13,371.910004,374.089996,366.839996,368.149994,8366100
2018-09-14,368.549988,371.089996,363.459991,364.559998,4756400
2018-09-17,364.220001,367.329987,349.570007,350.350006,7071900
2018-09-18,353.670013,368.149994,351.559998,367.649994,10414000
2018-09-19,373.950012,377.609985,359.170013,366.959991,11876800
2018-09-20,370.26001,370.26001,363.170013,365.359985,6768100
2018-09-21,366.589996,372.220001,360.73999,361.190002,11930600
2018-09-24,359,373.640015,354.329987,369.609985,9322500
2018-09-25,370.230011,371.339996,364.48999,369.429993,6799800
2018-09-26,373.589996,382,370.880005,377.880005,13799700
2018-09-27,379.869995,383.200012,376,380.709991,7326200
2018-09-28,379.23999,380.799988,373.730011,374.130005,7114900
2018-10-01,375.850006,386.109985,375.589996,381.429993,8376600
2018-10-02,384.380005,386.799988,373.829987,377.140015,8638700
2018-10-03,378.529999,380.929993,374.880005,377.049988,5798600
2018-10-04,375.880005,375.920013,360.399994,363.649994,9074400
2018-10-05,359.769989,363.5,343,351.350006,13523000
2018-10-08,345.179993,352.950012,338.109985,349.100006,12375500
2018-10-09,348.480011,358.720001,347.089996,355.709991,8755000
2018-10-10,353.519989,355.149994,325.390015,325.890015,17183100
2018-10-11,324.940002,334.200012,315.809998,321.100006,16082100
2018-10-12,339.570007,341.299988,328.899994,339.559998,14870800
2018-10-15,337.630005,339.209991,326.929993,333.130005,11215000
2018-10-16,337.23999,347.950012,330.559998,346.399994,20156400
2018-10-17,378.329987,380,356.5,364.700012,32610900
2018-10-18,360.670013,362.200012,346.049988,346.709991,18461000
2018-10-19,351,355.799988,332.200012,332.670013,16717200
2018-10-22,333.100006,335.799988,320.339996,329.540009,17097200
2018-10-23,318,336.579987,316.769989,333.160004,14907300
2018-10-24,332.279999,333,300.730011,301.829987,19039300
2018-10-25,307.119995,319.940002,305.25,312.869995,13346900
2018-10-26,300.51001,313.98999,292.299988,299.829987,19616000
2018-10-29,305.26001,307.890015,275.399994,284.839996,21698800
2018-10-30,275.570007,290.519989,271.209991,285.809998,23685700
2018-10-31,297.769989,311.5,295.049988,301.779999,20360300
2018-11-01,304.589996,318.450012,296.670013,317.380005,15121500
2018-11-02,318,321.880005,308.329987,309.100006,13404600
2018-11-05,311.100006,317.529999,303.73999,315.440002,10283000
2018-11-06,314.76001,320.220001,305.299988,310.839996,9710400
2018-11-07,312.899994,328.559998,311,327.5,13328300
2018-11-08,328,332.049988,316.609985,317.920013,11023900
2018-11-09,311.070007,312.980011,298.01001,303.470001,13480800
2018-11-12,300,302.48999,290.630005,294.070007,10924800
2018-11-13,295,303.549988,289.100006,294.399994,12232200
2018-11-14,300.399994,301.839996,278.299988,286.730011,16853600
2018-11-15,285.51001,292.5,282.160004,290.059998,9967100
2018-11-16,287.140015,291.720001,281,286.209991,9099500
2018-11-19,283.790009,285.089996,269.149994,270.600006,12993800
2018-11-20,254.630005,276.339996,250,266.980011,16693800
2018-11-21,274.420013,275.339996,261.51001,262.130005,11023000
2018-11-23,260.109985,265.5,256.839996,258.820007,5245100
2018-11-26,260.549988,266.25,253.800003,261.429993,12498600
2018-11-27,259.23999,269.079987,256.140015,266.630005,11149500
2018-11-28,271.980011,284,263.339996,282.649994,14801300
2018-11-29,282.320007,290.48999,275.5,288.75,15431500
2018-11-30,288,290.809998,283.059998,286.130005,11860100
2018-12-03,293.190002,298.720001,284.579987,290.299988,14117400
2018-12-04,288.130005,295.73999,274.720001,275.329987,12800600
2018-12-06,268.329987,283.220001,267.140015,282.880005,13074300
2018-12-07,282.480011,284.209991,263.380005,265.140015,12466700
2018-12-10,264.190002,271.179993,260.609985,269.700012,9605600
2018-12-11,274.079987,274.5,262.76001,265.320007,9843200
2018-12-12,267.660004,281.769989,266.480011,274.880005,11456700
2018-12-13,277.640015,279.320007,271.850006,276.019989,8379300
2018-12-14,271.809998,277.670013,265,266.839996,9915300
2018-12-17,266.51001,272.980011,261.079987,262.799988,9634700
2018-12-18,263.299988,275.75,263.290009,270.940002,10350100
2018-12-19,269.959991,280.869995,263.769989,266.769989,13788400
2018-12-20,264.640015,269.899994,251.880005,260.579987,16792900
2018-12-21,263.829987,264.5,241.289993,246.389999,21397600
2018-12-24,242,250.649994,233.679993,233.880005,9547600
2018-12-26,233.919998,254.5,231.229996,253.669998,14402700
2018-12-27,250.110001,255.589996,240.100006,255.570007,12235200
2018-12-28,257.940002,261.910004,249.800003,256.079987,10992800
2018-12-31,260.160004,270.100006,260,267.660004,13508900
2019-01-02,259.279999,269.75,256.579987,267.660004,11679500
2019-01-03,270.200012,275.790009,264.429993,271.200012,14969600
2019-01-04,281.880005,297.799988,278.540009,297.570007,19330100
2019-01-07,302.100006,316.799988,301.649994,315.339996,18620100
2019-01-08,319.980011,320.589996,308.01001,320.269989,15359200
2019-01-09,317.709991,323.350006,313.5,319.959991,13343200
2019-01-10,314.570007,325.369995,312.5,324.660004,13472500
2019-01-11,330.959991,341.089996,328.519989,337.589996,19500400
2019-01-14,334.23999,335.480011,329.130005,332.940002,10499600
2019-01-15,349.600006,357.220001,347,354.640015,21181200
2019-01-16,354,358.850006,348.109985,351.390015,15385500
2019-01-17,349.5,355.790009,346.410004,353.190002,18871200
2019-01-18,351.970001,353,336.730011,339.100006,26621000
2019-01-22,334.890015,336.880005,321.029999,325.160004,17941400
2019-01-23,328.25,331.75,318.600006,321.98999,13480100
2019-01-24,320.600006,331.799988,319,326.670013,11131600
2019-01-25,328.720001,340,328.51001,338.049988,11152900
2019-01-28,334.700012,336.299988,328.880005,335.660004,8652100
2019-01-29,335.869995,338.220001,328.149994,328.899994,7655200
2019-01-30,332.75,341.779999,330.799988,340.660004,9234500
2019-01-31,339.679993,345.98999,338.089996,339.5,8535500
2019-02-01,337.179993,346.839996,336.5,339.850006,9827800
2019-02-04,342.600006,352,341.299988,351.339996,9051400
2019-02-05,353.200012,360,352.899994,355.809998,9046600
2019-02-06,357,357.040009,347.190002,352.190002,6717700
2019-02-07,347.899994,348.75,339.019989,344.709991,7864500
2019-02-08,338,348,338,347.570007,7561400
2019-02-11,350,352.869995,344.809998,345.730011,5454900
2019-02-12,348.089996,360,346.519989,359.970001,10429400
2019-02-13,357.299988,359.600006,350.279999,351.769989,10559100
2019-02-14,351.75,360.450012,348.329987,359.070007,9295300
2019-02-15,358.470001,364.399994,355.5,356.869995,9230000
2019-02-19,355.799988,365,355.320007,361.920013,7396600
2019-02-20,364.850006,366.709991,356.700012,359.910004,8110700
2019-02-21,360.029999,362.850006,353.880005,356.970001,6227900
2019-02-22,360.339996,366.130005,360.049988,363.019989,7088200
2019-02-25,367.01001,371.48999,363.790009,363.910004,7569300
2019-02-26,362.980011,365.700012,359.329987,364.970001,4944600
2019-02-27,363.5,368.029999,359.799988,362.869995,5629900
2019-02-28,362.470001,366.390015,357.709991,358.100006,6186800
2019-03-01,362.26001,362.869995,354.690002,357.320007,5526500
2019-03-04,359.720001,362.25,348.040009,351.040009,7487000
2019-03-05,351.459991,356.170013,348.25,354.299988,5937800
2019-03-06,353.600006,359.880005,351.700012,359.609985,6211900
2019-03-07,360.160004,362.859985,350.5,352.600006,6151300
2019-03-08,345.75,349.920013,342.470001,349.600006,6898800
2019-03-11,352,358.980011,350.029999,358.859985,5387300
2019-03-12,359.369995,360.130005,353.799988,356.269989,5164600
2019-03-13,355.809998,362.480011,352.769989,361.209991,6444100
2019-03-14,360.5,363.839996,358.100006,358.820007,5271400
2019-03-15,361.019989,364,358.890015,361.459991,8444500
2019-03-18,362.470001,370.970001,361.859985,363.440002,7194700
2019-03-19,366.399994,366.959991,356.799988,358.779999,7541400
2019-03-20,358.910004,375.899994,357.01001,375.220001,10917200
2019-03-21,374,379,370.609985,377.869995,8544000
2019-03-22,375.950012,376.429993,360.040009,361.01001,8661300
2019-03-25,359,367.040009,357.440002,366.230011,8473800
2019-03-26,367.869995,368.380005,358.019989,359.970001,7666500
2019-03-27,361,362.470001,350.369995,353.369995,7852400
2019-03-28,354.48999,355.940002,349.200012,354.609985,4361000
2019-03-29,357.160004,358.25,353.709991,356.559998,4705600
2019-04-01,359,368.329987,358.51001,366.959991,7036100
2019-04-02,366.25,368.420013,362.220001,367.720001,5158700
2019-04-03,369.26001,373.410004,366.190002,369.75,5368900
2019-04-04,370.070007,372.049988,362.399994,367.880005,4627300
2019-04-05,369,369.799988,364.660004,365.48999,3905500
2019-04-08,365.109985,365.940002,359.929993,361.410004,4653800
2019-04-09,360.540009,366.73999,359,364.709991,5439200
2019-04-10,365.790009,368.850006,362.25,363.920013,4545600
2019-04-11,365,370.119995,360.809998,367.649994,6526900
2019-04-12,360.690002,361.75,349.359985,351.140015,15646200
2019-04-15,350.709991,352.209991,342.269989,348.869995,8842300
2019-04-16,355,364.480011,352.720001,359.459991,18740200
2019-04-17,365.049988,368.76001,350.600006,354.73999,18054100
2019-04-18,355,360.410004,351.640015,360.350006,8353200
2019-04-22,359.700012,377.690002,359,377.339996,11980500
2019-04-23,375.450012,384.799988,374.709991,381.890015,10089800
2019-04-24,381.070007,381.899994,373.269989,374.230011,6541900
2019-04-25,374.48999,374.76001,365.700012,368.329987,6255500
2019-04-26,368.350006,375.140015,366.23999,374.850006,5621900
2019-04-29,373.679993,374.579987,369.119995,371.829987,3821700
2019-04-30,369.559998,374.5,368.350006,370.540009,3870100
2019-05-01,374,385.98999,373.170013,378.809998,9257300
2019-05-02,378,383.5,374.51001,379.059998,5398200
2019-05-03,381.529999,385.029999,378.269989,385.029999,5130300
2019-05-06,377.690002,381.350006,376,378.670013,5793100
2019-05-07,377,379.910004,365.809998,370.459991,6974900
2019-05-08,367.920013,369,361.359985,364.369995,6572000
2019-05-09,360.899994,364.200012,352.75,362.75,5882600
2019-05-10,361.619995,365.26001,353.059998,361.040009,5657100
2019-05-13,352.290009,354.26001,343.100006,345.26001,8026700
2019-05-14,348.709991,349.950012,342.5,345.609985,5353000
2019-05-15,343.339996,356.5,341.390015,354.98999,6340100
2019-05-16,356.369995,364,353.940002,359.309998,6441500
2019-05-17,356.390015,359.619995,353.790009,354.450012,4725400
2019-05-20,351.230011,352.420013,345.399994,348.109985,4621500
2019-05-21,350.950012,356.429993,349.929993,354.269989,4026400
2019-05-22,358.01001,370.459991,357.299988,359.730011,6229400
2019-05-23,355.5,357.420013,347.700012,352.209991,5630400
2019-05-24,355.410004,359.440002,353.790009,354.390015,3831000
2019-05-28,354.390015,361.200012,353.649994,355.059998,4717100
2019-05-29,353.600006,353.850006,345.899994,349.190002,5658900
2019-05-30,350.549988,354.209991,348.299988,351.850006,4008000
2019-05-31,347.220001,349.339996,342.920013,343.279999,5023400
2019-06-03,343.559998,347.660004,332.649994,336.630005,7849600
2019-06-04,345,353.609985,343.25,353.399994,7891600
2019-06-05,354.380005,357.880005,348.709991,355.730011,5020100
2019-06-06,354.839996,358.209991,352.089996,357.130005,3710000
2019-06-07,357.390015,365.149994,355.690002,360.869995,4777300
2019-06-10,363.649994,367.100006,349.290009,352.01001,7810300
2019-06-11,355,357.579987,348.5,351.269989,5396700
2019-06-12,351.820007,353.609985,343.230011,345.559998,4584700
2019-06-13,347.230011,348.5,339.25,343.429993,6209300
2019-06-14,341.630005,343.399994,336.160004,339.730011,5019000
2019-06-17,342.690002,351.769989,342.059998,350.619995,5358200
2019-06-18,355.570007,361.5,353.75,357.119995,5428500
2019-06-19,361.720001,364.73999,356.119995,363.519989,5667200
2019-06-20,365.910004,370.119995,361.220001,365.209991,5899500
2019-06-21,365,371.450012,365,369.209991,7448400
2019-06-24,370.269989,375,370.200012,371.040009,4830200
2019-06-25,370.75,371,358.290009,360.299988,5750400
2019-06-26,361.600006,366.790009,361.600006,362.200012,3669700
2019-06-27,363.200012,370.850006,363.200012,370.019989,4138600
2019-06-28,370.26001,371.540009,364.869995,367.320007,4592700
2019-07-01,373.5,376.660004,372,374.600006,4992600
2019-07-02,374.890015,376,370.309998,375.429993,3625000
2019-07-03,376.690002,381.98999,375.839996,381.720001,3799000
2019-07-05,378.290009,381.399994,375.559998,380.549988,3732200
2019-07-08,378.190002,378.25,375.359985,376.160004,3113400
2019-07-09,379.059998,384.76001,377.5,379.929993,6932800
2019-07-10,382.769989,384.339996,362.679993,381,5878800
2019-07-11,381.100006,384.540009,378.799988,379.5,4336300
2019-07-12,378.679993,379.73999,372.790009,373.25,6636900
2019-07-15,372.940002,373.679993,362.299988,366.600006,7944700
2019-07-16,370.089996,371.339996,364.920013,365.98999,5863200
2019-07-17,366.25,366.5,361.75,362.440002,13639500
2019-07-18,323.76001,329.850006,320.299988,325.209991,31287100
2019-07-19,323.399994,325.850006,314.230011,315.100006,16302500
2019-07-22,312,314.540009,305.809998,310.619995,17718000
2019-07-23,311.440002,313.5,306,307.299988,9171100
2019-07-24,310.51001,319.98999,307.25,317.940002,11961800
2019-07-25,318.859985,327.690002,316.299988,326.459991,10798500
2019-07-26,328.790009,336,327.5,335.779999,10847500
2019-07-29,335.980011,336.399994,328.769989,332.700012,5782800
2019-07-30,329.200012,329.649994,323.230011,325.929993,6029300
2019-07-31,325.160004,331.769989,318.529999,322.98999,6259500
2019-08-01,324.25,328.579987,318.73999,319.5,6563200
2019-08-02,317.48999,319.410004,311.799988,318.829987,6280300
2019-08-05,310.959991,313.420013,304.679993,307.630005,8692500
2019-08-06,310.579987,311.880005,305.299988,310.100006,6179100
2019-08-07,302.559998,305,296.809998,304.290009,9322400
2019-08-08,311.029999,316.359985,306.630005,315.899994,5905900
2019-08-09,313.73999,316.640015,305.679993,308.929993,5349100
2019-08-12,305.459991,312.890015,303.23999,310.829987,6531700
2019-08-13,309.769989,316.429993,308.160004,312.279999,5289400
2019-08-14,308.01001,308.410004,298.01001,299.109985,7355800
2019-08-15,299.5,300.630005,288,295.76001,9629200
2019-08-16,298.859985,303.549988,296.269989,302.799988,6905800
2019-08-19,306.25,311.75,304.75,309.380005,4942200
2019-08-20,304.570007,305,297.679993,298.98999,7349900
2019-08-21,301.609985,302.880005,296.200012,297.809998,5685400
2019-08-22,298.649994,300.329987,293.149994,296.929993,4974200
2019-08-23,295,299.01001,290.320007,291.440002,6324900
2019-08-26,295.23999,296.950012,292.5,294.980011,4695700
2019-08-27,294.540009,296.769989,287.200012,291.029999,6309400
2019-08-28,289.470001,292.820007,287.75,291.769989,3955700
2019-08-29,295,299.929993,294.98999,296.779999,4388500
2019-08-30,298.779999,298.940002,290.850006,293.75,4446400
2019-09-03,290.820007,293.899994,288.059998,289.290009,3682800
2019-09-04,291.25,292.380005,286.51001,291.519989,4652500
2019-09-05,285.320007,293.970001,282.790009,293.25,8966800
2019-09-06,293.350006,293.350006,287.029999,290.170013,5166600
2019-09-09,294.809998,301.549988,290.600006,294.339996,8232700
2019-09-10,291.160004,297.170013,282.660004,287.98999,12320200
2019-09-11,285.700012,292.649994,284.609985,288.269989,7405900
2019-09-12,288.100006,292.730011,286.600006,288.859985,5010900
2019-09-13,290.609985,296.619995,290.040009,294.149994,6583100
2019-09-16,294.230011,297.429993,289.779999,294.290009,5307400
2019-09-17,294.5,299.149994,291.790009,298.600006,4777100
2019-09-18,294.98999,296.049988,287.450012,291.559998,7811100
2019-09-19,291.559998,293.809998,283.399994,286.600006,8461300
2019-09-20,280.26001,282.5,266,270.75,23832800
2019-09-23,268.350006,273.390015,261.890015,265.920013,13478600
2019-09-24,262.5,265,252.279999,254.589996,16338200
2019-09-25,255.710007,266.600006,253.699997,264.75,11643800
2019-09-26,266.420013,268.049988,260.200012,263.309998,7684000
2019-09-27,266.179993,267.440002,260.390015,263.079987,7328300
2019-09-30,264,268.880005,262.779999,267.619995,6727200
2019-10-01,267.350006,272.200012,264.029999,269.579987,8650300
2019-10-02,263.609985,269.350006,262.190002,268.029999,7659100
2019-10-03,267.779999,268.839996,257.01001,268.149994,8951000
2019-10-04,268.200012,275.480011,266.470001,272.790009,9890400
2019-10-07,271.98999,276.679993,271.279999,274.459991,6525600
2019-10-08,273.029999,275.529999,270.640015,270.720001,6276400
2019-10-09,270.019989,271,264.570007,267.529999,6794400
2019-10-10,265.970001,280.529999,265.029999,280.480011,10809100
2019-10-11,284.799988,287.869995,282.339996,282.929993,8786100
2019-10-14,283.929993,286.929993,282,285.529999,5513200
2019-10-15,283.820007,285.869995,279.399994,284.25,7685600
2019-10-16,283.119995,288.170013,280.73999,286.279999,16175900
2019-10-17,304.48999,308.75,288.299988,293.350006,38258900
2019-10-18,289.359985,290.899994,273.359985,275.299988,23429900
2019-10-21,272.890015,279.940002,269,278.049988,12599200
2019-10-22,271.160004,275.410004,265.799988,266.690002,11802400
2019-10-23,268.059998,273.920013,266.630005,271.269989,7133500
2019-10-24,271.809998,274.019989,268.799988,271.5,4827400
2019-10-25,270.679993,277.769989,270.179993,276.820007,4747800
2019-10-28,278.049988,285.75,277.350006,281.859985,6248400
2019-10-29,281.869995,284.410004,277.549988,281.209991,4356200
2019-10-30,284.339996,293.48999,283,291.450012,9345600
2019-10-31,291,291.450012,284.779999,287.410004,5090000
2019-11-01,288.700012,289.119995,283.019989,286.809998,5594300
2019-11-04,288,295.390015,287.160004,292.859985,5566200
2019-11-05,289.98999,291.190002,286.309998,288.029999,4062400
2019-11-06,288.190002,290.559998,285.839996,288.589996,3438300
2019-11-07,290.700012,298.190002,288.269989,289.570007,5928500
2019-11-08,288.730011,293.98999,287.51001,291.570007,4509000
2019-11-11,289.160004,296.359985,288.5,294.179993,3944300
2019-11-12,295.320007,295.350006,288.700012,292.01001,5772800
2019-11-13,291.029999,293.410004,281.140015,283.109985,9158900
2019-11-14,283.25,290.630005,283.220001,289.619995,6529000
2019-11-15,290.589996,295.820007,287.570007,295.029999,6333800
2019-11-18,296,304.98999,293.279999,302.570007,8616600
2019-11-19,304.01001,305.670013,298.519989,302.600006,5918000
2019-11-20,301.01001,308.25,301,305.160004,5111800
2019-11-21,306,312.690002,304.26001,311.690002,7488400
2019-11-22,309.100006,311.399994,304.410004,310.480011,5970100
2019-11-25,308.829987,315.730011,305.25,315.549988,7873900
2019-11-26,315,316.5,311.690002,312.48999,5321000
2019-11-27,313.929993,316.820007,312.75,315.929993,4096900
2019-11-29,315.779999,316.619995,313.339996,314.660004,2411700
2019-12-02,314.390015,314.390015,303.75,309.98999,6218800
2019-12-03,302.220001,307.359985,301.880005,306.160004,4992800
2019-12-04,308.429993,308.429993,303.269989,304.320007,3512100
2019-12-05,305.269989,306.480011,298.809998,302.859985,4615500
2019-12-06,304.700012,307.850006,302.600006,307.350006,4457800
2019-12-09,307.350006,311.48999,302.440002,302.5,5748400
2019-12-10,296.119995,298.940002,292.019989,293.119995,10476100
2019-12-11,294.48999,299.429993,294.200012,298.929993,5589800
2019-12-12,295.670013,299.170013,295.059998,298.440002,4766600
2019-12-13,298.5,301.799988,297.25,298.5,3879700
2019-12-16,300.850006,305.709991,298.630005,304.209991,4658900
2019-12-17,307.359985,316.799988,306.600006,315.480011,10427100
2019-12-18,316.26001,325.359985,315.600006,320.799988,11207400
2019-12-19,324.5,332.829987,324.179993,332.220001,9822300
2019-12-20,335,338,330.600006,336.899994,9914900
2019-12-23,337.76001,337.950012,331.019989,333.100006,5765300
2019-12-24,334.01001,335.700012,331.600006,333.200012,2019300
2019-12-26,334.600006,336.459991,332.01001,332.630005,3589900
2019-12-27,332.959991,333.820007,326.01001,329.089996,5036100
2019-12-30,329.079987,329.190002,322.859985,323.309998,4311500
2019-12-31,322,324.920013,321.089996,323.570007,3713300
2020-01-02,326.100006,329.980011,324.779999,329.809998,4485800
2020-01-03,326.779999,329.859985,325.529999,325.899994,3806900
2020-01-06,323.119995,336.359985,321.200012,335.829987,5663100
2020-01-07,336.470001,336.700012,330.299988,330.75,4703200
2020-01-08,331.48999,342.700012,331.049988,339.26001,7104500
2020-01-09,342,343.420013,334.609985,335.660004,4709300
2020-01-10,337.130005,338.5,327.269989,329.049988,4718300
2020-01-13,331.799988,340.850006,331.51001,338.920013,6290000
2020-01-14,344.399994,345.380005,335.519989,338.690002,7199400
2020-01-15,338.679993,343.170013,336.600006,339.070007,5158000
2020-01-16,343.5,343.559998,335.850006,338.619995,5016000
2020-01-17,341,341.570007,337.380005,339.670013,6066500
2020-01-21,340,341,332.589996,338.109985,14350300
2020-01-22,332.549988,336.299988,323.600006,326,21730000
2020-01-23,326.040009,349.880005,325.01001,349.600006,18200300
2020-01-24,348.459991,359.850006,345.880005,353.160004,17939700
2020-01-27,345.950012,351.899994,341.019989,342.880005,7709500
2020-01-28,345.880005,352.399994,342.779999,348.519989,6821600
2020-01-29,349,349.399994,338.549988,343.160004,7643500
2020-01-30,341.100006,348.200012,339.25,347.73999,5328100
2020-01-31,347.390015,347.390015,340.980011,345.089996,5230000
2020-02-03,347.23999,359.630005,346.279999,358,6670600
2020-02-04,361,369.570007,356.100006,369.01001,7161500
2020-02-05,375.130005,375.25,362.299988,369.670013,6437000
2020-02-06,369.600006,371.549988,362.51001,366.950012,3920400
2020-02-07,365.040009,371.799988,363.570007,366.769989,4385200
2020-02-10,365,374.799988,362.519989,371.070007,5294100
2020-02-11,373.75,378.109985,369.720001,373.690002,4772900
2020-02-12,377.179993,380.619995,375.880005,380.01001,4624800
2020-02-13,376.959991,385.369995,376.51001,381.399994,4485400
2020-02-14,381.470001,385.149994,379.429993,380.399994,3736300
2020-02-18,379.299988,389.540009,379.190002,387.779999,5173900
